{"output/exp-1/train/loss": [[1618159568.1484365, null, 6.78], [1618160880.2207632, null, 4.54], [1618162188.2001698, null, 3.71], [1618163493.8778102, null, 3.4], [1618164798.9829583, null, 3.2], [1618166105.3983753, null, 3.06], [1618167410.9299319, null, 2.96], [1618168717.2389748, null, 2.88], [1618170022.9413867, null, 2.79], [1618171327.8420095, null, 2.72]], "output/exp-1/train/epoch": [[1618159568.1484365, null, 1.0], [1618160880.2207632, null, 2.0], [1618162188.2001698, null, 3.0], [1618163493.8778102, null, 4.0], [1618164798.9829583, null, 5.0], [1618166105.3983753, null, 6.0], [1618167410.9299319, null, 7.0], [1618168717.2389748, null, 8.0], [1618170022.9413867, null, 9.0], [1618171327.8420095, null, 10.0]], "output/exp-1/valid/loss": [[1618159602.6481245, null, 5.77], [1618160913.9953892, null, 3.83], [1618162221.650663, null, 3.49], [1618163527.298384, null, 3.37], [1618164832.441429, null, 3.25], [1618166139.0393596, null, 3.26], [1618167444.4322863, null, 3.21], [1618168750.78621, null, 3.1], [1618170056.4906163, null, 3.12], [1618171361.4630458, null, 3.09]], "output/exp-1/valid/EM": [[1618159602.6481245, null, 0.29], [1618160913.9953892, null, 0.53], [1618162221.650663, null, 0.57], [1618163527.298384, null, 0.59], [1618164832.441429, null, 0.61], [1618166139.0393596, null, 0.61], [1618167444.4322863, null, 0.62], [1618168750.78621, null, 0.63], [1618170056.4906163, null, 0.63], [1618171361.4630458, null, 0.63]], "output/exp-1/valid/F1": [[1618159602.6481245, null, 0.42], [1618160913.9953892, null, 0.65], [1618162221.650663, null, 0.69], [1618163527.298384, null, 0.7], [1618164832.441429, null, 0.72], [1618166139.0393596, null, 0.73], [1618167444.4322863, null, 0.74], [1618168750.78621, null, 0.74], [1618170056.4906163, null, 0.74], [1618171361.4630458, null, 0.75]], "output/exp-1/valid/epoch": [[1618159602.6481245, null, 1.0], [1618160913.9953892, null, 2.0], [1618162221.650663, null, 3.0], [1618163527.298384, null, 4.0], [1618164832.441429, null, 5.0], [1618166139.0393596, null, 6.0], [1618167444.4322863, null, 7.0], [1618168750.78621, null, 8.0], [1618170056.4906163, null, 9.0], [1618171361.4630458, null, 10.0]]}