{"output/exp-1/train/loss": [[1617954088.130498, null, 6.66], [1617955397.476257, null, 4.32], [1617956710.9220445, null, 3.75], [1617958021.3777528, null, 3.48], [1617959334.4212282, null, 3.3], [1617960655.3854291, null, 3.15], [1617961972.5199726, null, 3.05], [1617963519.428987, null, 2.96], [1617964907.3886213, null, 2.88], [1617966223.1587973, null, 2.81]], "output/exp-1/train/epoch": [[1617954088.130498, null, 1.0], [1617955397.476257, null, 2.0], [1617956710.9220445, null, 3.0], [1617958021.3777528, null, 4.0], [1617959334.4212282, null, 5.0], [1617960655.3854291, null, 6.0], [1617961972.5199726, null, 7.0], [1617963519.428987, null, 8.0], [1617964907.3886213, null, 9.0], [1617966223.1587973, null, 10.0]], "output/exp-1/valid/loss": [[1617954122.163466, null, 4.8], [1617955431.570125, null, 3.8], [1617956744.7794678, null, 3.65], [1617958055.2580826, null, 3.43], [1617959370.024977, null, 3.37], [1617960689.91805, null, 3.24], [1617962008.4421785, null, 3.32], [1617963570.2126253, null, 3.15], [1617964941.8163838, null, 3.18], [1617966257.5618753, null, 3.16]], "output/exp-1/valid/EM": [[1617954122.163466, null, 0.41], [1617955431.570125, null, 0.53], [1617956744.7794678, null, 0.56], [1617958055.2580826, null, 0.58], [1617959370.024977, null, 0.6], [1617960689.91805, null, 0.61], [1617962008.4421785, null, 0.61], [1617963570.2126253, null, 0.63], [1617964941.8163838, null, 0.63], [1617966257.5618753, null, 0.64]], "output/exp-1/valid/F1": [[1617954122.163466, null, 0.53], [1617955431.570125, null, 0.65], [1617956744.7794678, null, 0.68], [1617958055.2580826, null, 0.71], [1617959370.024977, null, 0.72], [1617960689.91805, null, 0.72], [1617962008.4421785, null, 0.72], [1617963570.2126253, null, 0.74], [1617964941.8163838, null, 0.74], [1617966257.5618753, null, 0.74]], "output/exp-1/valid/epoch": [[1617954122.163466, null, 1.0], [1617955431.570125, null, 2.0], [1617956744.7794678, null, 3.0], [1617958055.2580826, null, 4.0], [1617959370.024977, null, 5.0], [1617960689.91805, null, 6.0], [1617962008.4421785, null, 7.0], [1617963570.2126253, null, 8.0], [1617964941.8163838, null, 9.0], [1617966257.5618753, null, 10.0]]}