{"output/exp-1/train/loss": [[1617889490.1498857, null, 7.18], [1617890740.62205, null, 4.96], [1617891975.0475423, null, 3.89], [1617893204.451459, null, 3.52], [1617894434.4519053, null, 3.29], [1617895664.5768116, null, 3.13], [1617896895.6599154, null, 3.0], [1617898128.9205313, null, 2.89], [1617899360.1333768, null, 2.79], [1617900590.0169473, null, 2.7]], "output/exp-1/train/epoch": [[1617889490.1498857, null, 1.0], [1617890740.62205, null, 2.0], [1617891975.0475423, null, 3.0], [1617893204.451459, null, 4.0], [1617894434.4519053, null, 5.0], [1617895664.5768116, null, 6.0], [1617896895.6599154, null, 7.0], [1617898128.9205313, null, 8.0], [1617899360.1333768, null, 9.0], [1617900590.0169473, null, 10.0]], "output/exp-1/valid/loss": [[1617889520.1817994, null, 6.59], [1617890770.2772827, null, 4.07], [1617892004.445615, null, 3.84], [1617893233.9542737, null, 3.52], [1617894464.0100746, null, 3.32], [1617895694.1286473, null, 3.27], [1617896925.142737, null, 3.19], [1617898158.4690678, null, 3.19], [1617899389.6933467, null, 3.19], [1617900619.6421447, null, 3.14]], "output/exp-1/valid/EM": [[1617889520.1817994, null, 0.22], [1617890770.2772827, null, 0.49], [1617892004.445615, null, 0.53], [1617893233.9542737, null, 0.57], [1617894464.0100746, null, 0.6], [1617895694.1286473, null, 0.61], [1617896925.142737, null, 0.62], [1617898158.4690678, null, 0.62], [1617899389.6933467, null, 0.63], [1617900619.6421447, null, 0.64]], "output/exp-1/valid/F1": [[1617889520.1817994, null, 0.32], [1617890770.2772827, null, 0.62], [1617892004.445615, null, 0.66], [1617893233.9542737, null, 0.69], [1617894464.0100746, null, 0.72], [1617895694.1286473, null, 0.72], [1617896925.142737, null, 0.73], [1617898158.4690678, null, 0.74], [1617899389.6933467, null, 0.74], [1617900619.6421447, null, 0.75]], "output/exp-1/valid/epoch": [[1617889520.1817994, null, 1.0], [1617890770.2772827, null, 2.0], [1617892004.445615, null, 3.0], [1617893233.9542737, null, 4.0], [1617894464.0100746, null, 5.0], [1617895694.1286473, null, 6.0], [1617896925.142737, null, 7.0], [1617898158.4690678, null, 8.0], [1617899389.6933467, null, 9.0], [1617900619.6421447, null, 10.0]]}