{"output/exp-1/train/loss": [[1616692512.9114642, null, 7.15], [1616695780.7286837, null, 4.79], [1616699051.5582347, null, 3.86], [1616702322.1020012, null, 3.48], [1616705595.4200988, null, 3.26], [1616708870.0196366, null, 3.1], [1616712143.3792481, null, 2.97], [1616715423.3053908, null, 2.86], [1616718698.947254, null, 2.76], [1616721975.3685498, null, 2.68]], "output/exp-1/train/epoch": [[1616692512.9114642, null, 1.0], [1616695780.7286837, null, 2.0], [1616699051.5582347, null, 3.0], [1616702322.1020012, null, 4.0], [1616705595.4200988, null, 5.0], [1616708870.0196366, null, 6.0], [1616712143.3792481, null, 7.0], [1616715423.3053908, null, 8.0], [1616718698.947254, null, 9.0], [1616721975.3685498, null, 10.0]], "output/exp-1/valid/loss": [[1616692531.6322074, null, 6.23], [1616695798.8758967, null, 4.19], [1616699069.77125, null, 3.73], [1616702340.3922763, null, 3.56], [1616705613.6303535, null, 3.42], [1616708888.1904747, null, 3.33], [1616712161.639329, null, 3.18], [1616715441.8776822, null, 3.22], [1616718717.182672, null, 3.13], [1616721994.3199434, null, 3.1]], "output/exp-1/valid/EM": [[1616692531.6322074, null, 0.25], [1616695798.8758967, null, 0.5], [1616699069.77125, null, 0.55], [1616702340.3922763, null, 0.57], [1616705613.6303535, null, 0.58], [1616708888.1904747, null, 0.6], [1616712161.639329, null, 0.62], [1616715441.8776822, null, 0.62], [1616718717.182672, null, 0.63], [1616721994.3199434, null, 0.62]], "output/exp-1/valid/F1": [[1616692531.6322074, null, 0.37], [1616695798.8758967, null, 0.62], [1616699069.77125, null, 0.67], [1616702340.3922763, null, 0.69], [1616705613.6303535, null, 0.7], [1616708888.1904747, null, 0.71], [1616712161.639329, null, 0.73], [1616715441.8776822, null, 0.73], [1616718717.182672, null, 0.75], [1616721994.3199434, null, 0.74]], "output/exp-1/valid/epoch": [[1616692531.6322074, null, 1.0], [1616695798.8758967, null, 2.0], [1616699069.77125, null, 3.0], [1616702340.3922763, null, 4.0], [1616705613.6303535, null, 5.0], [1616708888.1904747, null, 6.0], [1616712161.639329, null, 7.0], [1616715441.8776822, null, 8.0], [1616718717.182672, null, 9.0], [1616721994.3199434, null, 10.0]]}