{"output/exp-1/train/loss": [[1617158694.7538686, null, 6.44], [1617163712.6281545, null, 4.19], [1617167250.593265, null, 3.71], [1617170782.675086, null, 3.46], [1617174761.8734405, null, 3.32], [1617178636.6319664, null, 3.2], [1617182286.2700338, null, 3.12], [1617185847.559729, null, 3.05], [1617189395.080609, null, 3.0], [1617192932.8362274, null, 2.94]], "output/exp-1/train/epoch": [[1617158694.7538686, null, 1.0], [1617163712.6281545, null, 2.0], [1617167250.593265, null, 3.0], [1617170782.675086, null, 4.0], [1617174761.8734405, null, 5.0], [1617178636.6319664, null, 6.0], [1617182286.2700338, null, 7.0], [1617185847.559729, null, 8.0], [1617189395.080609, null, 9.0], [1617192932.8362274, null, 10.0]], "output/exp-1/valid/loss": [[1617158726.7185042, null, 4.54], [1617163741.3181093, null, 3.75], [1617167278.1336453, null, 3.57], [1617170811.127029, null, 3.42], [1617174795.260949, null, 3.3], [1617178668.2367969, null, 3.25], [1617182315.0050862, null, 3.19], [1617185877.2280977, null, 3.17], [1617189422.690751, null, 3.09], [1617192960.2688947, null, 3.13]], "output/exp-1/valid/EM": [[1617158726.7185042, null, 0.45], [1617163741.3181093, null, 0.54], [1617167278.1336453, null, 0.57], [1617170811.127029, null, 0.59], [1617174795.260949, null, 0.6], [1617178668.2367969, null, 0.6], [1617182315.0050862, null, 0.62], [1617185877.2280977, null, 0.62], [1617189422.690751, null, 0.62], [1617192960.2688947, null, 0.63]], "output/exp-1/valid/F1": [[1617158726.7185042, null, 0.58], [1617163741.3181093, null, 0.66], [1617167278.1336453, null, 0.68], [1617170811.127029, null, 0.71], [1617174795.260949, null, 0.72], [1617178668.2367969, null, 0.72], [1617182315.0050862, null, 0.74], [1617185877.2280977, null, 0.73], [1617189422.690751, null, 0.74], [1617192960.2688947, null, 0.75]], "output/exp-1/valid/epoch": [[1617158726.7185042, null, 1.0], [1617163741.3181093, null, 2.0], [1617167278.1336453, null, 3.0], [1617170811.127029, null, 4.0], [1617174795.260949, null, 5.0], [1617178668.2367969, null, 6.0], [1617182315.0050862, null, 7.0], [1617185877.2280977, null, 8.0], [1617189422.690751, null, 9.0], [1617192960.2688947, null, 10.0]]}
