{"output/exp-1/train/loss": [[1618035881.9611948, null, 6.79], [1618037182.660998, null, 4.44], [1618038489.3103557, null, 3.7], [1618039794.9638898, null, 3.4], [1618041100.7390704, null, 3.22], [1618042414.400853, null, 3.08], [1618043724.750194, null, 2.96], [1618045031.835758, null, 2.88], [1618046334.0552785, null, 2.81], [1618047638.843922, null, 2.73]], "output/exp-1/train/epoch": [[1618035881.9611948, null, 1.0], [1618037182.660998, null, 2.0], [1618038489.3103557, null, 3.0], [1618039794.9638898, null, 4.0], [1618041100.7390704, null, 5.0], [1618042414.400853, null, 6.0], [1618043724.750194, null, 7.0], [1618045031.835758, null, 8.0], [1618046334.0552785, null, 9.0], [1618047638.843922, null, 10.0]], "output/exp-1/valid/loss": [[1618035915.7906911, null, 5.46], [1618037217.0450113, null, 3.85], [1618038523.5497565, null, 3.51], [1618039829.6343625, null, 3.37], [1618041135.747602, null, 3.29], [1618042448.903737, null, 3.25], [1618043760.5027854, null, 3.25], [1618045065.788924, null, 3.17], [1618046368.077252, null, 3.17], [1618047673.0211601, null, 3.14]], "output/exp-1/valid/EM": [[1618035915.7906911, null, 0.32], [1618037217.0450113, null, 0.53], [1618038523.5497565, null, 0.56], [1618039829.6343625, null, 0.59], [1618041135.747602, null, 0.59], [1618042448.903737, null, 0.61], [1618043760.5027854, null, 0.61], [1618045065.788924, null, 0.62], [1618046368.077252, null, 0.63], [1618047673.0211601, null, 0.63]], "output/exp-1/valid/F1": [[1618035915.7906911, null, 0.45], [1618037217.0450113, null, 0.65], [1618038523.5497565, null, 0.69], [1618039829.6343625, null, 0.7], [1618041135.747602, null, 0.72], [1618042448.903737, null, 0.73], [1618043760.5027854, null, 0.73], [1618045065.788924, null, 0.74], [1618046368.077252, null, 0.74], [1618047673.0211601, null, 0.75]], "output/exp-1/valid/epoch": [[1618035915.7906911, null, 1.0], [1618037217.0450113, null, 2.0], [1618038523.5497565, null, 3.0], [1618039829.6343625, null, 4.0], [1618041135.747602, null, 5.0], [1618042448.903737, null, 6.0], [1618043760.5027854, null, 7.0], [1618045065.788924, null, 8.0], [1618046368.077252, null, 9.0], [1618047673.0211601, null, 10.0]]}