{"output/exp-1/train/loss": [[1618150143.8903632, null, 3.41], [1618151373.2004108, null, 3.3], [1618152602.501331, null, 3.13], [1618153829.3628075, null, 2.99], [1618155054.6580594, null, 2.87], [1618156283.5073068, null, 2.77], [1618157700.905204, null, 2.67]], "output/exp-1/train/epoch": [[1618150143.8903632, null, 4.0], [1618151373.2004108, null, 5.0], [1618152602.501331, null, 6.0], [1618153829.3628075, null, 7.0], [1618155054.6580594, null, 8.0], [1618156283.5073068, null, 9.0], [1618157700.905204, null, 10.0]], "output/exp-1/valid/loss": [[1618150173.1937845, null, 3.52], [1618151402.4386566, null, 3.4], [1618152631.7499664, null, 3.28], [1618153858.7224855, null, 3.25], [1618155083.8250163, null, 3.18], [1618156312.7578242, null, 3.2], [1618157730.4688728, null, 3.32]], "output/exp-1/valid/EM": [[1618150173.1937845, null, 0.57], [1618151402.4386566, null, 0.59], [1618152631.7499664, null, 0.61], [1618153858.7224855, null, 0.62], [1618155083.8250163, null, 0.63], [1618156312.7578242, null, 0.63], [1618157730.4688728, null, 0.61]], "output/exp-1/valid/F1": [[1618150173.1937845, null, 0.69], [1618151402.4386566, null, 0.71], [1618152631.7499664, null, 0.72], [1618153858.7224855, null, 0.73], [1618155083.8250163, null, 0.74], [1618156312.7578242, null, 0.74], [1618157730.4688728, null, 0.72]], "output/exp-1/valid/epoch": [[1618150173.1937845, null, 4.0], [1618151402.4386566, null, 5.0], [1618152631.7499664, null, 6.0], [1618153858.7224855, null, 7.0], [1618155083.8250163, null, 8.0], [1618156312.7578242, null, 9.0], [1618157730.4688728, null, 10.0]]}