{"output/exp-1/train/loss": [[1618066273.852584, null, 2.77], [1618067514.93353, null, 2.66]], "output/exp-1/train/epoch": [[1618066273.852584, null, 9.0], [1618067514.93353, null, 10.0]], "output/exp-1/valid/loss": [[1618066303.9125454, null, 3.23], [1618067544.9754362, null, 3.22]], "output/exp-1/valid/EM": [[1618066303.9125454, null, 0.62], [1618067544.9754362, null, 0.63]], "output/exp-1/valid/F1": [[1618066303.9125454, null, 0.73], [1618067544.9754362, null, 0.74]], "output/exp-1/valid/epoch": [[1618066303.9125454, null, 9.0], [1618067544.9754362, null, 10.0]]}