{"output/exp-1/train/loss": [[1614483365.3408074, null, 7.34], [1614486832.5430408, null, 5.13], [1614490712.6043627, null, 4.13], [1614494181.096293, null, 3.66], [1614498656.8633208, null, 3.36], [1614502438.6567013, null, 3.18], [1614505910.6513782, null, 3.04], [1614510291.2679765, null, 2.93], [1614513755.228557, null, 2.82], [1614517217.7559242, null, 2.74]], "output/exp-1/train/epoch": [[1614483365.3408074, null, 1.0], [1614486832.5430408, null, 2.0], [1614490712.6043627, null, 3.0], [1614494181.096293, null, 4.0], [1614498656.8633208, null, 5.0], [1614502438.6567013, null, 6.0], [1614505910.6513782, null, 7.0], [1614510291.2679765, null, 8.0], [1614513755.228557, null, 9.0], [1614517217.7559242, null, 10.0]], "output/exp-1/valid/loss": [[1614483384.7770915, null, 6.47], [1614486851.5960736, null, 4.44], [1614490731.9770262, null, 3.99], [1614494200.2111945, null, 3.6], [1614498679.9491694, null, 3.43], [1614502458.2362242, null, 3.35], [1614505929.8909464, null, 3.26], [1614510310.3958445, null, 3.17], [1614513774.2766378, null, 3.15], [1614517236.869792, null, 3.14]], "output/exp-1/valid/EM": [[1614483384.7770915, null, 0.22], [1614486851.5960736, null, 0.46], [1614490731.9770262, null, 0.52], [1614494200.2111945, null, 0.57], [1614498679.9491694, null, 0.58], [1614502458.2362242, null, 0.6], [1614505929.8909464, null, 0.61], [1614510310.3958445, null, 0.62], [1614513774.2766378, null, 0.63], [1614517236.869792, null, 0.63]], "output/exp-1/valid/F1": [[1614483384.7770915, null, 0.33], [1614486851.5960736, null, 0.59], [1614490731.9770262, null, 0.64], [1614494200.2111945, null, 0.69], [1614498679.9491694, null, 0.71], [1614502458.2362242, null, 0.72], [1614505929.8909464, null, 0.73], [1614510310.3958445, null, 0.73], [1614513774.2766378, null, 0.74], [1614517236.869792, null, 0.74]], "output/exp-1/valid/epoch": [[1614483384.7770915, null, 1.0], [1614486851.5960736, null, 2.0], [1614490731.9770262, null, 3.0], [1614494200.2111945, null, 4.0], [1614498679.9491694, null, 5.0], [1614502458.2362242, null, 6.0], [1614505929.8909464, null, 7.0], [1614510310.3958445, null, 8.0], [1614513774.2766378, null, 9.0], [1614517236.869792, null, 10.0]]}